Artist,Pos_avg,Neu_avg,Neg_avg
Aaron Siskind,0.11,0.088,0.066
Abidin Dino,0.05,0.082,0.121
Abraham Manievich,0.08,0.054,0.142
Abraham van Strij,0.297,0.03,0.024
Ad Reinhardt,0.054,0.133,0.047
Adolph Menzel,0.229,0.038,0.041
Adriaen Brouwer,0.08,0.039,0.154
Adriaen van Ostade,0.195,0.045,0.068
Adriaen van de Venne,0.16,0.062,0.078
Afro,0.041,0.13,0.084
Agnes Martin,0.074,0.128,0.036
Agostino Carracci,0.174,0.045,0.053
Agostino Tassi,0.116,0.039,0.089
Akira Kanayama,0.058,0.128,0.094
Akseli Gallen-Kallela,0.118,0.083,0.115
Al Held,0.083,0.167,0.012
Aladar Korosfoi-Kriesch,0.318,0.03,0.023
Albert Anker,0.308,0.048,0.031
Albert Bitran,0.025,0.146,0.075
Albert Bloch,0.082,0.08,0.182
Albert Gleizes,0.088,0.099,0.072
Albert Marquet,0.223,0.059,0.031
Albert Rafols-Casamada,0.03,0.091,0.068
Alberto Burri,0.024,0.15,0.055
Alberto Magnelli,0.119,0.153,0.028
Albin Egger-Lienz,0.162,0.046,0.117
Albrecht Altdorfer,0.164,0.048,0.179
Albrecht Durer,0.129,0.046,0.159
Aldo Mondino,0.086,0.116,0.043
Alekos Kontopoulos ,0.042,0.181,0.0
Aleksander Gierymski,0.205,0.038,0.019
Aleksey Savrasov,0.188,0.052,0.053
Alex Hay,0.073,0.144,0.052
Alexander Calder,0.0,0.136,0.057
Alexander Orlowski,0.145,0.03,0.147
Alexandre Benois,0.288,0.136,0.034
Alexandre Jacovleff,0.198,0.067,0.055
Alexej von Jawlensky,0.133,0.061,0.058
Alexey  Bogolyubov,0.069,0.125,0.083
Alexey Venetsianov,0.232,0.031,0.016
Alfred Jensen,0.043,0.21,0.037
Alfred Manessier,0.061,0.132,0.052
Alfred Sisley,0.222,0.041,0.015
Ali Omar Ermes,0.078,0.128,0.034
Alice Bailly,0.128,0.067,0.067
Allan D'Arcangelo,0.083,0.167,0.031
Allan Ramsay,0.273,0.024,0.049
Allen Jones,0.067,0.142,0.11
Alma Woodsey Thomas,0.186,0.084,0.021
Alonzo Cano,0.257,0.049,0.021
Alphonse Allais,0.052,0.114,0.087
Amadeo de Souza-Cardoso,0.127,0.141,0.054
Amedeo Modigliani,0.152,0.061,0.064
Anatol Petrytsky,0.091,0.091,0.146
Anders Zorn,0.222,0.069,0.0
Andre Masson,0.069,0.141,0.101
Andrea Mantegna,0.196,0.071,0.11
Andrea Solario,0.208,0.028,0.062
Andrea del Castagno,0.213,0.044,0.103
Andrea del Sarto,0.298,0.051,0.04
Andrea del Verrocchio,0.195,0.036,0.054
André Lhote,0.136,0.054,0.031
Andy Warhol,0.105,0.089,0.037
Angel Planells,0.019,0.146,0.131
Angelo de Sousa,0.1,0.1,0.062
Anish Kapoor,0.091,0.091,0.08
Anita Malfatti,0.201,0.063,0.067
Anne Truitt,0.067,0.133,0.038
Anne Vallayer-Coster,0.268,0.067,0.033
Anne-Louis Girodet,0.189,0.034,0.078
Annibale Carracci,0.232,0.065,0.075
Anthony Caro,0.076,0.076,0.023
Anthony van Dyck,0.213,0.046,0.049
Antoine Pesne,0.244,0.026,0.035
Antoine Watteau,0.29,0.016,0.015
Antoine-Jean Gros,0.195,0.04,0.088
Anton Raphael Mengs,0.295,0.015,0.019
Antonello da Messina,0.19,0.037,0.098
Antoni Tapies,0.0,0.05,0.15
Antonio Areal,0.042,0.144,0.066
Antonio Calderara,0.096,0.117,0.021
Antonio Canova,0.239,0.047,0.09
Antonio Dacosta,0.11,0.066,0.119
Antonio Donghi,0.274,0.045,0.032
Antonio Lopez Garcia,0.158,0.017,0.062
Antonio Palolo,0.111,0.121,0.046
Antonio Sanfilippo,0.064,0.128,0.106
António de Carvalho da Silva Porto,0.333,0.067,0.0
Aristarkh Lentulov,0.168,0.028,0.058
Arkhip Kuindzhi,0.25,0.025,0.025
Arman,0.042,0.153,0.052
Armand Guillaumin,0.217,0.027,0.04
Arno Breker,0.14,0.043,0.082
Arnulf Rainer,0.073,0.06,0.158
Arshile Gorky,0.057,0.108,0.049
Artemisia Gentileschi,0.213,0.048,0.077
Arthur Beecher Carles,0.092,0.083,0.069
Arthur Dove,0.083,0.109,0.059
Arthur Pinajian,0.097,0.162,0.078
Arthur Segal,0.075,0.131,0.041
Ary Scheffer,0.211,0.057,0.063
Asger Jorn,0.046,0.091,0.091
Asgrimur Jonsson,0.283,0.033,0.0
Audrey Flack,0.03,0.167,0.068
August Macke,0.24,0.03,0.006
Auguste Herbin,0.189,0.084,0.03
Auguste Rodin,0.088,0.058,0.14
Augustus John,0.227,0.024,0.038
Balcomb Greene,0.056,0.18,0.032
Balthus,0.091,0.03,0.148
Barnett Newman,0.047,0.144,0.039
Bartolomeo Veneto,0.235,0.049,0.055
Basil Beattie,0.115,0.077,0.019
Bela Kadar,0.19,0.054,0.0
Ben Nicholson,0.103,0.134,0.012
Benjamin West,0.173,0.047,0.135
Benozzo Gozzoli,0.268,0.047,0.024
Bernard Cohen,0.057,0.143,0.04
Bernard Schultze,0.071,0.12,0.07
Bernardo Bellotto,0.214,0.066,0.052
Bernardo Strozzi,0.227,0.078,0.081
Bernhard Strigel,0.176,0.057,0.051
Bertalan Por,0.196,0.034,0.073
Berthe Morisot,0.276,0.042,0.022
Betty Goodwin,0.035,0.082,0.129
Bice Lazzari,0.061,0.135,0.068
Billy Apple,0.057,0.144,0.046
Blinky Palermo,0.042,0.139,0.032
Bob Law,0.016,0.114,0.083
Boris Grigoriev,0.028,0.097,0.135
Boris Margo,0.056,0.121,0.091
Boris Schatz,0.133,0.128,0.074
Bradley Walker Tomlin,0.057,0.181,0.049
Bram van Velde,0.044,0.167,0.04
Brassai,0.251,0.024,0.052
Brett Whiteley,0.1,0.067,0.075
Brice Marden,0.053,0.139,0.041
Briton Riviere,0.233,0.033,0.067
Bruce Nauman,0.033,0.2,0.025
Bruno Munari,0.05,0.15,0.05
Cagnaccio di San Pietro,0.183,0.042,0.082
Camille Corot,0.21,0.044,0.046
Canaletto,0.167,0.103,0.029
Caravaggio,0.164,0.055,0.096
Carel Willink,0.163,0.056,0.057
Carl Buchheister,0.065,0.148,0.055
Carl Holsøe,0.222,0.044,0.058
Carl-Ludwig Johann Christineck,0.252,0.022,0.027
Carla Accardi,0.083,0.083,0.083
Carlo Carra,0.05,0.158,0.019
Carlo Crivelli,0.22,0.024,0.092
Carlos Merida,0.2,0.083,0.025
Carlos Orozco Romero,0.169,0.091,0.07
Carlos Saenz de Tejada,0.166,0.049,0.079
Carmen Herrera,0.121,0.068,0.017
Carolus-Duran,0.295,0.051,0.019
Caspar David Friedrich,0.22,0.057,0.06
Cesar Paternosto,0.088,0.103,0.029
Charles Blackman,0.153,0.063,0.091
Charles Cottet,0.258,0.052,0.034
Charles Courtney Curran,0.313,0.047,0.014
Charles Meryon,0.136,0.054,0.042
Charles Sprague Pearce,0.25,0.033,0.012
Charles Turner,0.209,0.049,0.042
Charles Willson Peale,0.308,0.035,0.015
Charles-Francois Daubigny,0.238,0.029,0.031
Charlotte Posenenske,0.059,0.14,0.043
Childe Hassam,0.267,0.033,0.0
Chris Ofili,0.071,0.058,0.084
Christian Schad,0.171,0.08,0.095
Christo Coetzee,0.061,0.093,0.095
Christoffer Wilhelm Eckersberg,0.217,0.06,0.041
Chu Teh-Chun,0.034,0.137,0.102
Claes Oldenburg,0.067,0.142,0.051
Clarence Holbrook Carter,0.087,0.077,0.105
Claude Georges,0.045,0.083,0.08
Claude Monet,0.269,0.037,0.017
Claude Tousignant,0.033,0.15,0.025
Claude-Joseph Vernet,0.194,0.045,0.045
Claudio Tozzi,0.095,0.102,0.101
Clyfford Still,0.046,0.112,0.086
Conrad Marca-Relli,0.058,0.123,0.08
Conroy Maddox,0.074,0.135,0.063
Constant Permeke,0.182,0.015,0.057
Constant Troyon,0.231,0.04,0.038
Constantin Brancusi,0.083,0.12,0.026
Constantin Stahi,0.167,0.062,0.057
Consuelo Hernández,0.184,0.073,0.078
Corneille,0.12,0.096,0.053
Cornelis de Vos,0.302,0.058,0.033
Correggio,0.327,0.036,0.029
Craig Kauffman,0.028,0.139,0.026
Cristovao de Figueiredo,0.103,0.028,0.157
Cuno Amiet,0.278,0.067,0.045
Cy Twombly,0.017,0.1,0.069
Dadamaino,0.042,0.153,0.031
Dan Christensen,0.07,0.143,0.033
Dan Flavin,0.088,0.115,0.028
Daniel Buren,0.117,0.1,0.038
Daniel Dezeuze,0.017,0.15,0.012
Daniel Ridgway Knight,0.25,0.017,0.038
David Allan,0.308,0.042,0.016
David Bomberg,0.083,0.137,0.032
David Cox,0.197,0.061,0.034
David Davies,0.158,0.035,0.053
David Hare,0.056,0.161,0.077
David Kakabadze,0.032,0.151,0.035
David Michael Hinnebusch,0.067,0.05,0.212
David Morier,0.143,0.024,0.087
David Park,0.176,0.05,0.057
David Smith,0.067,0.158,0.061
David Teniers the Younger,0.2,0.117,0.0
David Wilkie,0.203,0.064,0.072
Denise Green,0.066,0.126,0.061
Derek Boshier,0.038,0.115,0.084
Diego Velazquez,0.166,0.069,0.062
Dieter Asmus,0.139,0.061,0.058
Dieter Roth,0.117,0.133,0.088
Dirk Bouts,0.319,0.038,0.039
Dmitry Levitzky,0.252,0.035,0.022
Domenico Ghirlandaio,0.28,0.044,0.017
Domenico Gnoli,0.067,0.092,0.025
Domenico Veneziano,0.17,0.049,0.11
Domingos Sequeira,0.238,0.036,0.058
Donald Sultan,0.127,0.079,0.077
Donatello,0.177,0.034,0.104
Dora Maar,0.092,0.095,0.114
Dosso Dossi,0.206,0.05,0.047
Doug Ohlson,0.067,0.1,0.075
Eastman Johnson,0.244,0.052,0.081
Edgar Degas,0.237,0.042,0.06
Edmund Charles Tarbell,0.327,0.029,0.013
Edouard Manet,0.249,0.029,0.035
Edouard Vuillard,0.251,0.045,0.014
Eduard von Gebhardt,0.136,0.0,0.023
Eduardo Arroyo,0.156,0.094,0.04
Eduardo Paolozzi,0.128,0.132,0.07
Eduardo Viana,0.163,0.135,0.089
Edvard Munch,0.101,0.049,0.155
Edvard Weie,0.206,0.04,0.016
Edward Avedisian,0.049,0.148,0.032
Edward Corbett,0.052,0.131,0.051
Edward Krasinski,0.099,0.193,0.065
Edward Ruscha,0.109,0.094,0.025
Edward Wadsworth,0.124,0.121,0.036
Edward Weston,0.077,0.106,0.098
Edwin Dickinson,0.109,0.105,0.042
Egon Schiele,0.154,0.084,0.094
Eileen Agar,0.06,0.131,0.056
Elaine de Kooning,0.058,0.042,0.131
Ellsworth Kelly,0.103,0.139,0.014
Emil Nolde,0.211,0.061,0.083
Enrico Baj,0.097,0.06,0.12
Enrico Prampolini,0.058,0.183,0.062
Enzo Cucchi,0.032,0.063,0.152
Eric Ravilious,0.171,0.066,0.042
Ernest Meissonier,0.218,0.1,0.052
Ernst Ludwig Kirchner,0.1,0.017,0.137
Ernst Wilhelm Nay,0.08,0.135,0.052
Erro,0.135,0.116,0.066
Esaias van de Velde,0.252,0.031,0.05
Esteban Frances,0.081,0.152,0.049
Esteban Vicente,0.04,0.071,0.083
Etienne Hajdu,0.05,0.208,0.025
Eugene Brands,0.08,0.106,0.107
Eugene Delacroix,0.032,0.027,0.234
Eugene Leroy,0.09,0.147,0.055
Eugeniusz Zak,0.198,0.033,0.062
Eugène Grasset,0.0,0.083,0.262
Eustache Le Sueur,0.017,0.0,0.288
Eva Gonzales,0.24,0.043,0.034
Eva Hesse,0.028,0.144,0.044
Evelyne Axell,0.168,0.086,0.029
Eyvind Earle,0.21,0.083,0.039
Federico Zandomeneghi,0.367,0.017,0.038
Felix Labisse,0.167,0.067,0.062
Felix Vallotton,0.123,0.082,0.104
Fernand Leduc,0.075,0.123,0.035
Fernand Leger,0.145,0.092,0.024
Fernando Lanhas,0.1,0.158,0.025
Filipp Malyavin,0.239,0.034,0.057
Filippo Lippi,0.283,0.063,0.055
Florin Maxa,0.09,0.167,0.072
Fra Angelico,0.236,0.063,0.09
Francis Bott,0.081,0.084,0.094
Francis Picabia,0.158,0.124,0.06
Francisc Sirato,0.136,0.061,0.114
Francisco Bayeu y Subias,0.314,0.025,0.037
Francisco Goya,0.134,0.042,0.16
Francisco Oller,0.28,0.023,0.0
Francisco Pacheco,0.326,0.034,0.01
Francisco de Zurbaran,0.244,0.034,0.054
Francois Arnal,0.047,0.135,0.096
Francois Boucher,0.356,0.036,0.039
Francois Morellet,0.076,0.135,0.032
Frank Bowling,0.033,0.15,0.038
Frank Lobdell,0.055,0.156,0.07
Frank Stella,0.077,0.13,0.033
Frans Hals,0.267,0.044,0.034
Frans Snyders,0.161,0.06,0.091
Franz Marc,0.194,0.065,0.025
Franz Sedlacek,0.008,0.041,0.19
Franz Xaver Winterhalter,0.298,0.036,0.05
Fred Sandback,0.03,0.121,0.03
Frederic Bazille,0.272,0.054,0.044
Frederic Matys Thursz,0.067,0.183,0.038
Frederic Remington,0.267,0.033,0.038
Friedel Dzubas,0.089,0.119,0.029
Frits Thaulow,0.295,0.042,0.019
Fritz Winter,0.036,0.149,0.06
Fusun Onur,0.067,0.083,0.062
Fyodor Alekseyev,0.221,0.045,0.054
Fyodor Bronnikov,0.217,0.067,0.113
Fyodor Rokotov,0.232,0.035,0.034
Fyodor Vasilyev,0.23,0.035,0.049
Félix Del Marle,0.067,0.125,0.072
Gabriele Munter,0.197,0.068,0.033
Gandy Brodie,0.117,0.133,0.162
Gebre Kristos Desta,0.1,0.083,0.1
Gego,0.1,0.167,0.025
Gene Davis,0.149,0.115,0.034
Georg Baselitz,0.072,0.08,0.102
Georg Pauli,0.233,0.033,0.05
George Bouzianis,0.1,0.133,0.075
George Catlin,0.252,0.06,0.028
George Harvey,0.136,0.03,0.102
George Henry,0.26,0.048,0.021
George Lambert,0.213,0.037,0.038
George Morland,0.258,0.042,0.081
George Romney,0.261,0.036,0.034
George Segal,0.133,0.125,0.044
George Stubbs,0.163,0.046,0.09
George Tooker,0.107,0.148,0.134
Georges Braque,0.077,0.118,0.055
Georges Lemmen,0.285,0.046,0.023
Georges Papazoff,0.061,0.106,0.102
Georges Rouault,0.063,0.051,0.139
Georgia O'Keeffe,0.144,0.09,0.045
Gerard David,0.179,0.043,0.116
Gerard Fromanger,0.095,0.12,0.052
Gerardo Dottori,0.05,0.192,0.062
Gerhard Richter,0.133,0.144,0.15
Gerrit Dou,0.242,0.015,0.023
Gheorghe Tattarescu,0.255,0.046,0.02
Giacomo Quarenghi,0.241,0.065,0.04
Gian Lorenzo Bernini,0.109,0.043,0.167
Gianfranco Baruchello,0.05,0.133,0.038
Gianni Piacentino,0.066,0.144,0.029
Gilbert Stuart,0.183,0.017,0.025
Gillian Ayres,0.172,0.128,0.017
Gino Severini,0.117,0.017,0.05
Giorgio Cavallon,0.102,0.178,0.017
Giorgio Morandi,0.094,0.078,0.037
Giorgione,0.298,0.039,0.043
Giovanni Anselmo,0.024,0.151,0.041
Giovanni Antonio Boltraffio,0.319,0.04,0.026
Giovanni Battista Tiepolo,0.19,0.081,0.082
Giovanni Bellini,0.3,0.052,0.041
Giovanni Boldini,0.225,0.046,0.078
Giovanni Domenico Tiepolo,0.27,0.043,0.026
Giovanni Fattori,0.228,0.042,0.027
Giulio Paolini,0.033,0.183,0.044
Giulio Turcato,0.051,0.126,0.059
Giuseppe Pinot-Gallizio,0.067,0.134,0.052
Giuseppe Santomaso,0.053,0.121,0.159
Giuseppe de Nittis,0.203,0.051,0.049
Gosta Adrian-Nilsson,0.113,0.124,0.036
Gotthard Graubner,0.079,0.118,0.023
Grace Cossington Smith,0.184,0.08,0.036
Greta Freist,0.232,0.049,0.022
Grigoriy Myasoyedov,0.117,0.092,0.1
Guercino,0.05,0.05,0.175
Guido Molinari,0.121,0.061,0.023
Guido Reni,0.197,0.054,0.119
Guilherme de Santa-Rita,0.039,0.094,0.21
Gunther Gerzso,0.15,0.05,0.112
Gustave Buchet,0.067,0.122,0.046
Gustave Caillebotte,0.225,0.05,0.031
Gustave Courbet,0.209,0.056,0.066
Gustave Loiseau,0.21,0.054,0.022
Gustave Singier,0.094,0.104,0.04
Gustave de Smet,0.25,0.033,0.0
Gwen John,0.206,0.064,0.07
Hans Baldung,0.148,0.062,0.153
Hans Bellmer,0.036,0.127,0.128
Hans Hofmann,0.119,0.149,0.045
Hans Holbein the Younger,0.19,0.043,0.079
Hans Memling,0.283,0.03,0.051
Hans Richter,0.0,0.125,0.083
Hassel Smith,0.033,0.175,0.069
Hedda Sterne,0.055,0.116,0.087
Heinrich Campendonk,0.102,0.109,0.079
Helen Frankenthaler,0.084,0.137,0.05
Helene Schjerfbeck,0.192,0.06,0.078
Helio Oiticica,0.0,0.167,0.025
Helmut Sturm,0.045,0.117,0.08
Hendrick Cornelisz Vroom,0.147,0.07,0.07
Hendrick Terbrugghen,0.271,0.03,0.016
Henri Fantin-Latour,0.201,0.048,0.044
Henri Gervex,0.306,0.028,0.021
Henri Laurens,0.181,0.094,0.016
Henri Le Fauconnier,0.154,0.085,0.047
Henri Matisse,0.128,0.087,0.066
Henri Michaux,0.067,0.217,0.038
Henri Rousseau,0.4,0.0,0.0
Henri de Toulouse-Lautrec,0.226,0.038,0.039
Henri-Edmond Cross,0.217,0.067,0.0
Henrique Pousao,0.181,0.016,0.036
Henry Fuseli,0.109,0.057,0.159
Henry Herbert La Thangue,0.195,0.053,0.073
Henry Moore,0.15,0.084,0.031
Henry Raeburn,0.271,0.035,0.014
Henry Villierme,0.197,0.015,0.046
Herbert Zangs,0.058,0.143,0.037
Hercules Seghers,0.187,0.05,0.035
Herve Telemaque,0.092,0.117,0.119
Hieronymus Bosch,0.139,0.092,0.112
Hilma af Klint,0.072,0.135,0.042
Honore Daumier,0.155,0.054,0.108
Horace Vernet,0.134,0.037,0.13
Horia Damian,0.055,0.121,0.077
Howard Mehring,0.015,0.091,0.057
Huang Yongyu,0.267,0.05,0.0
Hubert Robert,0.308,0.029,0.019
Hugo van der Goes,0.224,0.041,0.099
Ibrahim Salahi,0.067,0.1,0.225
Il Sodoma,0.118,0.037,0.17
Ilya Mashkov,0.2,0.017,0.088
Ilya Repin,0.05,0.0,0.275
Imi Knoebel,0.108,0.067,0.031
Ioannis Altamouras,0.15,0.072,0.055
Ion Andreescu,0.217,0.049,0.053
Ion Theodorescu-Sion,0.25,0.033,0.0
Iosif Iser,0.217,0.05,0.038
Istvan Nagy,0.183,0.067,0.071
Ivan Albright,0.102,0.064,0.152
Ivan Kramskoy,0.195,0.042,0.097
Ivan Serpa,0.056,0.097,0.104
Ivan Shishkin,0.383,0.045,0.015
J. E. H. MacDonald,0.3,0.05,0.025
J.M.W. Turner,0.119,0.015,0.124
Jack Bush,0.107,0.127,0.047
Jack Tworkov,0.066,0.09,0.051
Jackson Pollock,0.052,0.145,0.083
Jacob Epstein,0.12,0.118,0.05
Jacob Jordaens,0.252,0.035,0.039
Jacob van Strij,0.28,0.04,0.014
Jacoba van Heemskerck,0.063,0.115,0.051
Jacopo Bellini,0.34,0.042,0.044
Jacques Busse,0.033,0.15,0.15
Jacques Hérold,0.085,0.117,0.047
Jacques Villon,0.083,0.099,0.054
Jacques-Louis David,0.125,0.048,0.111
James Barry,0.199,0.052,0.061
James Campbell Noble,0.089,0.054,0.095
James Ensor,0.129,0.08,0.08
James Lee Byars,0.104,0.107,0.041
James McNeill Whistler,0.206,0.044,0.056
James Tissot,0.246,0.022,0.087
James Ward ,0.172,0.048,0.085
James Weeks,0.191,0.074,0.03
Jan Groth,0.038,0.11,0.134
Jan Miense Molenaer,0.201,0.036,0.09
Jan Provoost,0.231,0.061,0.098
Jan van Eyck,0.274,0.039,0.032
Jan van Hemessen,0.162,0.056,0.117
Janos Mattis-Teutsch,0.085,0.104,0.04
Janos Tornyai,0.286,0.032,0.02
Jaroslav Serpan,0.05,0.142,0.094
Jay DeFeo,0.043,0.125,0.061
Jean Arp,0.05,0.155,0.042
Jean Auguste Dominique Ingres,0.239,0.053,0.052
Jean Cocteau,0.121,0.046,0.011
Jean David,0.083,0.233,0.012
Jean Degottex,0.057,0.126,0.098
Jean Fautrier,0.057,0.134,0.076
Jean Fouquet,0.175,0.068,0.082
Jean Helion,0.037,0.2,0.017
Jean Hey,0.29,0.032,0.048
Jean Hugo,0.138,0.089,0.048
Jean Le Moal,0.082,0.163,0.025
Jean Messagier,0.083,0.116,0.064
Jean Metzinger,0.117,0.233,0.0
Jean Miotte,0.046,0.13,0.064
Jean Rene Bazaine,0.07,0.124,0.053
Jean-Baptiste Greuze,0.216,0.039,0.076
Jean-Baptiste Oudry,0.107,0.051,0.121
Jean-Baptiste-Simeon Chardin,0.166,0.074,0.081
Jean-Francois Millet,0.209,0.048,0.076
Jean-Honore Fragonard,0.307,0.047,0.029
Jean-Marc Nattier,0.276,0.039,0.026
Jean-Michel Atlan,0.066,0.167,0.044
Jean-Michel Basquiat,0.058,0.085,0.134
Jean-Paul Riopelle,0.06,0.144,0.062
Jeremy Henderson,0.193,0.053,0.049
Jeremy Moon,0.11,0.138,0.022
Jerg Ratgeb,0.19,0.072,0.121
Jerzy Nowosielski,0.067,0.067,0.075
Jim Dine,0.112,0.097,0.055
Jimmy Ernst,0.028,0.106,0.084
Jiro Yoshihara,0.072,0.144,0.088
Jo Baer,0.052,0.156,0.041
Joachim Patinir,0.232,0.047,0.075
Joachim Wtewael,0.321,0.05,0.047
Joan Brown,0.166,0.079,0.061
Joan Hernandez Pijuan,0.017,0.1,0.162
Joan Miro,0.12,0.144,0.048
Joan Mitchell,0.034,0.146,0.057
Joan Ponc,0.05,0.108,0.119
Joaquin Manuel Fernandez Cruzado,0.197,0.061,0.034
Jock Macdonald,0.083,0.131,0.033
Joe Goode,0.048,0.138,0.065
Johan Christian Dahl,0.2,0.025,0.081
Johan Hendrik Weissenbruch,0.275,0.058,0.019
Johann Anton de Peters,0.467,0.075,0.012
Johann Georg Pinzel,0.134,0.03,0.11
Johannes Itten,0.13,0.157,0.046
Johannes Jan Schoonhoven,0.077,0.158,0.027
Johannes Sveinsson Kjarval,0.111,0.125,0.01
John Altoon,0.067,0.167,0.062
John Chamberlain,0.025,0.125,0.056
John Constable,0.194,0.05,0.045
John Crome,0.223,0.03,0.04
John Ferren,0.063,0.14,0.038
John Gibson,0.224,0.035,0.025
John Glover,0.2,0.0,0.062
John Henry Twachtman,0.111,0.014,0.073
John Hoppner,0.26,0.034,0.033
John Hoyland,0.045,0.138,0.032
John Lavery,0.367,0.033,0.025
John Marin,0.086,0.12,0.063
John Martin,0.164,0.057,0.093
John McCracken,0.028,0.111,0.042
John McLaughlin,0.045,0.156,0.04
John Russell,0.272,0.034,0.042
John Simpson ,0.172,0.06,0.092
John Singer Sargent,0.183,0.048,0.058
John Singleton Copley,0.184,0.043,0.099
John Trumbull,0.164,0.075,0.141
John Varley,0.267,0.15,0.025
John William Godward,0.293,0.035,0.032
John Wilson Carmichael,0.283,0.05,0.017
Jorg Immendorff,0.043,0.118,0.129
Jorge Martins,0.1,0.156,0.081
Jose Gutierrez Solana,0.017,0.05,0.2
Jose de Almada-Negreiros,0.018,0.13,0.056
Josef Albers,0.076,0.121,0.0
Josef Sima,0.086,0.074,0.06
Joseph Anton Koch,0.178,0.037,0.119
Joseph Ducreux,0.133,0.083,0.05
Joseph Marioni,0.117,0.083,0.012
Joseph Wright,0.236,0.051,0.057
Joseph-Marie Vien,0.206,0.039,0.067
Joshua Reynolds,0.233,0.057,0.059
Jozsef Rippl-Ronai,0.209,0.024,0.02
Juan Gris,0.173,0.079,0.023
Judith Leyster,0.271,0.046,0.021
Judy Chicago,0.09,0.09,0.019
Jules Breton,0.265,0.014,0.021
Jules Dupre,0.194,0.045,0.064
Jules Pascin,0.179,0.038,0.05
Jules Perahim,0.033,0.048,0.147
Julian Ashton,0.173,0.058,0.033
Julian Schnabel,0.03,0.115,0.102
Julio Galan,0.139,0.097,0.083
Julio Pomar,0.08,0.129,0.068
Julius Bissier,0.08,0.182,0.066
Julius Evola,0.056,0.169,0.051
Julius LeBlanc Stewart,0.4,0.033,0.0
Jury Annenkov,0.267,0.017,0.062
Józef Mehoffer,0.264,0.07,0.031
Józef Pankiewicz,0.218,0.051,0.012
Kansuke Yamamoto,0.04,0.086,0.118
Karel Appel,0.083,0.089,0.112
Karl Benjamin,0.083,0.133,0.025
Karl Bryullov,0.327,0.078,0.038
Karl Edvard Diriks,0.197,0.015,0.034
Karl Otto Gotz,0.01,0.14,0.108
Karl Schmidt-Rottluff,0.069,0.069,0.094
Karoly Ferenczy,0.272,0.058,0.056
Kathe Kollwitz,0.05,0.058,0.262
Kay Sage,0.048,0.114,0.08
Kazimierz Mikulski,0.2,0.125,0.07
Kazuo Nakamura,0.052,0.141,0.054
Kazuo Shiraga,0.09,0.13,0.066
Kees van Dongen,0.159,0.055,0.056
Keith Haring,0.083,0.175,0.081
Keith Sonnier,0.164,0.14,0.032
Kenneth Price,0.076,0.152,0.08
Kenzo Okada,0.062,0.155,0.059
Konrad Klapheck,0.064,0.115,0.064
Konrad Witz,0.249,0.049,0.044
Konstantin Yuon,0.273,0.046,0.0
Konstantinos Parthenis,0.194,0.056,0.031
Konstantinos Volanakis,0.182,0.106,0.0
Lajos Gulacsy ,0.106,0.076,0.074
Lajos Kassak,0.033,0.2,0.0
Lajos Tihanyi,0.159,0.104,0.036
Landon Mackenzie,0.125,0.067,0.062
Larry Zox,0.089,0.135,0.023
Lasar Segall,0.059,0.107,0.089
Laszlo Mednyanszky,0.064,0.038,0.183
Lawren Harris,0.094,0.122,0.029
Le Corbusier,0.027,0.14,0.092
Lee Krasner,0.028,0.144,0.088
Leiko Ikemura,0.122,0.117,0.05
Lennart Rodhe,0.028,0.167,0.0
Leo Leuppi,0.044,0.119,0.034
Leon Arthur Tutundjian,0.084,0.149,0.067
Leon Berkowitz,0.096,0.125,0.038
Leon Kroll,0.292,0.042,0.012
Leon Spilliaert,0.087,0.062,0.136
Leon Underwood,0.102,0.093,0.068
Leon Wyczółkowski,0.3,0.033,0.0
Leonardo da Vinci,0.324,0.05,0.036
Leonor Fini,0.169,0.077,0.083
Leonora Carrington,0.1,0.086,0.09
Lesser Ury,0.167,0.05,0.094
Li CHEVALIER,0.046,0.099,0.147
Li Yuan-chia,0.047,0.122,0.051
Lilia Carrillo,0.017,0.15,0.05
Lorenzo Lotto,0.287,0.051,0.039
Lorser Feitelson,0.167,0.108,0.056
Louis Cane,0.093,0.119,0.036
Louis Marcoussis,0.083,0.106,0.05
Louis Schanker,0.04,0.147,0.064
Louise Abbéma,0.271,0.029,0.009
Louise Elisabeth Vigee Le Brun,0.309,0.026,0.012
Louise Moillon,0.25,0.058,0.065
Louise Nevelson,0.046,0.167,0.023
Lourdes Castro,0.087,0.102,0.053
Lovis Corinth,0.133,0.05,0.112
Lucas Cranach the Elder,0.187,0.064,0.066
Luis Feito,0.021,0.142,0.084
Luis Paret y Alcazar,0.25,0.046,0.012
Lyman Kipp,0.102,0.136,0.018
Lynda Benglis,0.039,0.158,0.034
Lyonel Feininger,0.152,0.091,0.052
Lyubov Popova,0.114,0.136,0.028
M. H. Maxy,0.129,0.111,0.046
Maarten de Vos,0.312,0.04,0.046
Manoucher Yektai,0.117,0.167,0.025
Manuel Neri,0.113,0.12,0.018
Manuel Rivera,0.024,0.097,0.105
Marc Chagall,0.242,0.083,0.034
Marc Vaux,0.172,0.119,0.023
Marcel Barbeau,0.039,0.11,0.096
Marcel Janco,0.121,0.106,0.0
Marcel Marien,0.05,0.185,0.018
Marcelle Cahn,0.05,0.133,0.038
Marcelle Loubchansky,0.056,0.121,0.116
Margit Selska,0.05,0.15,0.062
Marianne North,0.25,0.039,0.029
Marie Bracquemond,0.266,0.051,0.028
Marie Laurencin,0.179,0.033,0.059
Marie-Guillemine Benoist,0.29,0.024,0.034
Mario Ballocco,0.049,0.105,0.094
Mario Cesariny,0.2,0.05,0.038
Mario Comensoli,0.1,0.15,0.112
Mario Prassinos,0.041,0.131,0.133
Mario Schifano,0.11,0.132,0.019
Mario Sironi,0.083,0.167,0.208
Marjorie Strider,0.2,0.033,0.019
Mark Lancaster,0.025,0.142,0.031
Mark Rothko,0.062,0.116,0.06
Mark Tobey,0.053,0.167,0.057
Marko Pogacnik,0.03,0.167,0.046
Marsden Hartley,0.103,0.15,0.044
Martha Diamond,0.069,0.099,0.072
Martial Raysse,0.127,0.09,0.055
Martin Barre,0.031,0.144,0.07
Martin Disler,0.048,0.085,0.132
Martin Kippenberger,0.081,0.12,0.086
Martin Schongauer,0.207,0.059,0.117
Martiros Sarian,0.333,0.1,0.0
Mary Cassatt,0.344,0.033,0.034
Masaccio,0.206,0.037,0.093
Mathias Goeritz,0.098,0.161,0.029
Matsutani,0.183,0.217,0.05
Mattia Preti,0.317,0.0,0.012
Maurice Denis,0.244,0.032,0.066
Maurice Esteve,0.079,0.182,0.043
Maurice Prendergast,0.26,0.044,0.017
Maurice Quentin de La Tour,0.237,0.034,0.043
Max Beckmann,0.086,0.075,0.136
Max Ernst,0.084,0.048,0.168
Max Kurzweil,0.015,0.0,0.364
Max Liebermann,0.25,0.083,0.025
Max Pechstein,0.19,0.06,0.043
Max Weber,0.073,0.149,0.087
Maxfield Parrish,0.423,0.051,0.0
Maxim Vorobiev,0.256,0.044,0.019
Maxime Maufra,0.245,0.041,0.022
May Wilson,0.121,0.088,0.036
Medardo Rosso,0.104,0.053,0.106
Meijer de Haan,0.24,0.037,0.037
Menez,0.064,0.116,0.027
Meret Oppenheim,0.056,0.117,0.112
Michael Heizer,0.083,0.083,0.088
Michel Parmentier,0.081,0.131,0.035
Michel Seuphor,0.116,0.145,0.006
Michelangelo,0.224,0.033,0.096
Mihaly Munkacsy,0.091,0.058,0.161
Mikhail Larionov,0.089,0.078,0.058
Mikhail Lebedev,0.226,0.032,0.02
Mikhail Shibanov,0.221,0.049,0.039
Mildred Anne Butler,0.242,0.015,0.0
Milton Resnick,0.023,0.134,0.072
Mily Possoz,0.217,0.05,0.038
Mira Schendel,0.017,0.117,0.075
Modest Cuixart,0.033,0.12,0.091
Moise Kisling,0.167,0.091,0.046
Mordecai Ardon,0.07,0.12,0.03
Morris Graves,0.088,0.124,0.07
Morris Louis,0.088,0.117,0.044
Morton Shamberg,0.047,0.119,0.08
Mstislav Dobuzhinsky,0.133,0.033,0.103
Myron Stout,0.035,0.121,0.047
Nasreen Mohamedi,0.0,0.106,0.114
Natalia Dumitresco,0.107,0.15,0.056
Natalia Goncharova,0.142,0.1,0.038
Nathan Oliveira,0.05,0.094,0.144
Niccolo Cannicci,0.379,0.015,0.023
Nicholas Hilliard,0.172,0.029,0.041
Nicholas Krushenick,0.067,0.2,0.025
Nicolae Darascu,0.315,0.042,0.019
Nicolae Grigorescu,0.15,0.044,0.127
Nicolae Maniu,0.171,0.094,0.058
Nicolas Tournier,0.273,0.015,0.0
Nicolas de Staël,0.09,0.104,0.046
Nikias Skapinakis,0.233,0.05,0.0
Nikolai Ge,0.1,0.044,0.183
Nina Tokhtaman Valetova,0.087,0.189,0.105
Noguchi Isamu ,0.066,0.126,0.036
Norman Bluhm,0.096,0.117,0.048
Nyoman Masriadi,0.074,0.1,0.125
O. Louis Guglielmi,0.245,0.077,0.037
Oleg Holosiy,0.017,0.05,0.175
Oleksandr Hnylyzkyj,0.083,0.119,0.066
Olexandr Archipenko,0.153,0.102,0.027
Olga Rozanova,0.098,0.108,0.031
Olivier Debre,0.128,0.114,0.041
Orest Kiprensky,0.226,0.051,0.033
Oscar Dominguez,0.06,0.121,0.097
Osias Beert,0.169,0.054,0.026
Oskar Kokoschka,0.09,0.05,0.166
Othon Friesz,0.258,0.076,0.046
Otto Freundlich,0.082,0.134,0.039
Otto Gustav Carlsund,0.117,0.133,0.006
Otto Mueller,0.22,0.017,0.057
Otto van Veen,0.164,0.024,0.106
Ottone Rosai,0.017,0.183,0.0
Oyvind Fahlstrom,0.073,0.134,0.065
Ozdemir Atlan,0.09,0.116,0.078
Pablo Picasso,0.138,0.089,0.086
Paolo Scheggi,0.043,0.153,0.048
Paolo Uccello,0.168,0.066,0.126
Paritosh Sen,0.116,0.09,0.106
Park Seo-Bo,0.091,0.152,0.023
Pat Lipsky,0.112,0.142,0.028
Patrick Caulfield,0.103,0.071,0.069
Patrick Heron,0.065,0.14,0.064
Patrick Procktor,0.259,0.042,0.028
Paul Brach,0.031,0.087,0.1
Paul Bril,0.231,0.054,0.036
Paul Cezanne,0.23,0.062,0.043
Paul Delvaux,0.171,0.074,0.052
Paul Feeley,0.056,0.148,0.024
Paul Gauguin,0.194,0.07,0.082
Paul Jenkins,0.104,0.138,0.022
Paul Klee,0.117,0.108,0.038
Paul Reed,0.085,0.121,0.022
Paul Revere,0.131,0.077,0.101
Paul Wonner,0.179,0.078,0.051
Paula Modersohn-Becker,0.189,0.055,0.057
Pauline Boty,0.2,0.06,0.072
Pavel Fedotov,0.202,0.048,0.086
Pavel Svinyin,0.207,0.048,0.038
Peder Severin Kroyer,0.33,0.047,0.022
Pericles Pantazis ,0.165,0.056,0.08
Perle Fine,0.061,0.119,0.047
Peter Alexander,0.13,0.092,0.054
Peter Blake,0.141,0.121,0.035
Peter Busa,0.037,0.12,0.117
Peter Doig,0.127,0.1,0.049
Peter Joseph,0.067,0.117,0.019
Peter Max,0.233,0.088,0.038
Peter Paul Rubens,0.095,0.049,0.171
Peter Phillips,0.069,0.185,0.047
Petrus Christus,0.221,0.044,0.046
Philip Guston,0.058,0.141,0.083
Philip Wilson Steer,0.274,0.039,0.0
Phillip King,0.025,0.168,0.03
Piero Dorazio,0.091,0.212,0.023
Piero Manzoni,0.1,0.183,0.025
Piero della Francesca,0.239,0.04,0.092
Piero di Cosimo,0.188,0.07,0.083
Pierre Daura,0.078,0.111,0.025
Pierre Roy,0.183,0.098,0.035
Pierre Tal-Coat,0.078,0.132,0.064
Pierre-Auguste Renoir,0.359,0.04,0.021
Pierre-Narcisse Guerin,0.246,0.066,0.052
Pierre-Paul Prud'hon,0.223,0.032,0.062
Piet Mondrian,0.098,0.062,0.082
Pieter Aertsen,0.191,0.049,0.05
Pieter Bruegel the Elder,0.153,0.06,0.116
Pieter Claesz,0.117,0.071,0.075
Pietro Longhi,0.215,0.057,0.033
Pietro Perugino,0.259,0.04,0.065
Pietro da Cortona,0.18,0.03,0.139
Pinturicchio,0.253,0.043,0.043
Pisanello,0.245,0.036,0.039
Princess Fahrelnissa Zeid,0.062,0.123,0.094
Pyotr Konchalovsky,0.2,0.083,0.025
Quentin Matsys,0.193,0.044,0.075
Rainer Fetting,0.072,0.054,0.121
Ralph Goings,0.117,0.083,0.062
Ralph Hotere,0.0,0.09,0.106
Ralph Rosenborg,0.1,0.108,0.081
Raoul De Keyser,0.088,0.123,0.026
Raoul Ubac,0.033,0.117,0.154
Raphael,0.431,0.044,0.011
Ray Parker,0.1,0.152,0.026
Red Grooms,0.015,0.136,0.239
Rembrandt,0.229,0.028,0.086
Remedios Varo,0.056,0.167,0.042
Rene Bertholo,0.098,0.128,0.029
Rene Duvillier,0.063,0.139,0.065
Rene Magritte,0.103,0.132,0.057
Richard Artschwager,0.079,0.069,0.029
Richard Diebenkorn,0.117,0.1,0.025
Richard Gerstl,0.2,0.05,0.068
Richard Hamilton,0.152,0.117,0.056
Richard Mortensen,0.058,0.1,0.088
Richard Oelze,0.025,0.058,0.188
Richard Parkes Bonington,0.206,0.027,0.061
Richard Pousette-Dart,0.056,0.147,0.055
Richard Serra,0.019,0.121,0.059
Richard Smith,0.106,0.129,0.031
Richard Tuttle,0.095,0.112,0.02
Richard Wilson,0.262,0.034,0.012
Richards Ruben,0.054,0.083,0.077
Robert Campin,0.27,0.022,0.058
Robert Delaunay,0.136,0.106,0.023
Robert Falk,0.184,0.063,0.053
Robert Goodnough,0.076,0.091,0.057
Robert Grosvenor,0.11,0.113,0.022
Robert Harris,0.227,0.061,0.023
Robert Huot,0.063,0.125,0.049
Robert Indiana,0.18,0.096,0.019
Robert Morris,0.061,0.149,0.019
Robert Qualters,0.18,0.073,0.061
Robert Ryman,0.055,0.13,0.048
Robert Smithson,0.042,0.18,0.062
Roberto Matta,0.092,0.157,0.06
Rodolfo Arico,0.048,0.153,0.028
Roger Bissière,0.068,0.13,0.059
Roger Fry,0.152,0.109,0.027
Roger Raveel,0.166,0.072,0.055
Roger de La Fresnaye,0.12,0.099,0.072
Rogier van der Weyden,0.211,0.039,0.049
Roland Petersen,0.179,0.075,0.048
Romare Bearden,0.141,0.119,0.038
Ron Gorchov,0.093,0.122,0.032
Ronald Bladen,0.073,0.088,0.042
Ronnie Landfield,0.117,0.127,0.028
Rosa Bonheur,0.05,0.017,0.288
Rosalba Carriera,0.247,0.061,0.042
Rosalyn Drexler,0.132,0.074,0.087
Roy Lichtenstein,0.036,0.078,0.142
Rudolf Bauer,0.109,0.14,0.037
Rupprecht Geiger,0.07,0.125,0.039
Ruth Vollmer,0.016,0.134,0.067
S. H. Raza,0.03,0.099,0.149
Sa Nogueira,0.091,0.121,0.04
Sadamasa Motonaga,0.137,0.102,0.038
Salvador Dali,0.055,0.075,0.133
Sam Francis,0.093,0.145,0.031
Sam Gilliam,0.076,0.155,0.037
Samuel Buri,0.133,0.095,0.03
Samuel Mutzner,0.25,0.05,0.0
Samuel Palmer,0.167,0.0,0.075
Samuel Peploe,0.231,0.049,0.02
Sandor Bortnyik,0.12,0.126,0.05
Sandro Botticelli,0.304,0.031,0.036
Santiago Rusinol,0.194,0.048,0.025
Se-Ok Suh,0.0,0.117,0.112
Serge Brignoni,0.017,0.142,0.088
Serge Charchoune,0.102,0.161,0.032
Sheila Hicks,0.054,0.143,0.034
Shozo Shimamoto,0.006,0.099,0.124
Sol LeWitt,0.036,0.138,0.032
Stanisław Wyspiański,0.123,0.069,0.106
Stanley Boxer,0.079,0.131,0.033
Stefan Caltia,0.127,0.085,0.065
Stefan Luchian,0.26,0.056,0.042
Stephen Mueller,0.12,0.116,0.036
Stuart Davis,0.069,0.145,0.038
Suzanne Valadon,0.223,0.082,0.043
Sven Jonson,0.153,0.083,0.031
Sven Lukin,0.112,0.164,0.009
T. C. Steele,0.167,0.033,0.1
Takamatsu Jiro,0.033,0.142,0.05
Tano Festa,0.042,0.125,0.021
Taro Yamamoto,0.017,0.183,0.138
Tarsila do Amaral,0.133,0.092,0.038
Terry Frost,0.092,0.158,0.025
Tess Jaray,0.017,0.175,0.031
Theo Gerber,0.068,0.125,0.08
Theo van Doesburg,0.079,0.138,0.034
Theodor Philipsen,0.209,0.021,0.012
Theodore Chasseriau,0.295,0.026,0.024
Theodore Gericault,0.092,0.04,0.134
Theodore Roszak,0.042,0.134,0.086
Theodore Rousseau,0.245,0.037,0.015
Theodoros Stamos,0.113,0.111,0.043
Theodule Ribot,0.114,0.037,0.121
Theophilus Brown,0.095,0.08,0.086
Thomas Cole,0.333,0.05,0.0
Thomas Eakins,0.222,0.056,0.021
Thomas Gainsborough,0.244,0.026,0.048
Thomas Girtin,0.184,0.038,0.045
Thomas Jones,0.178,0.046,0.036
Thomas Lawrence,0.198,0.028,0.04
Thomas Sully,0.283,0.05,0.012
Ticiano Vecellio,0.217,0.025,0.044
Tihamer Gyarmathy,0.15,0.05,0.012
Tivadar Kosztka Csontvary,0.196,0.039,0.053
Tom Roberts,0.261,0.034,0.028
Tom Thomson,0.2,0.042,0.056
Tony DeLap,0.069,0.118,0.022
Tony Scherman,0.106,0.071,0.11
Tony Smith,0.087,0.122,0.054
Toyen,0.035,0.083,0.114
Tsuguharu Foujita,0.167,0.061,0.102
Tsuruko Yamazaki,0.082,0.141,0.024
Umberto Boccioni,0.081,0.181,0.033
Vadym Meller,0.1,0.057,0.083
Vajda Lajos,0.092,0.098,0.067
Valentin Serov,0.258,0.0,0.011
Valerio Adami,0.084,0.139,0.06
Vanessa Bell,0.135,0.087,0.065
Vasiliy Ryabchenko,0.156,0.064,0.083
Vasily Perov,0.156,0.039,0.111
Vasily Sadovnikov,0.229,0.035,0.013
Vasily Surikov,0.217,0.067,0.062
Vasily Tropinin,0.194,0.031,0.081
Vasily Vereshchagin,0.122,0.058,0.163
Vasyl Sedlyar,0.167,0.1,0.025
Vasyl Yermylov,0.065,0.193,0.028
Victor Borisov-Musatov,0.244,0.059,0.056
Victor Brauner,0.052,0.155,0.06
Victor Hugo,0.031,0.114,0.149
Victor Pasmore,0.06,0.158,0.034
Victor Servranckx,0.039,0.166,0.036
Vieira Portuense,0.217,0.033,0.072
Vilhelm Hammershoi,0.15,0.017,0.062
Vilhelm Lundstrom,0.192,0.067,0.078
Vincent van Gogh,0.174,0.044,0.072
Vittore Carpaccio,0.202,0.046,0.065
Vladimir Makovsky,0.25,0.09,0.083
Vladimir Tatlin,0.183,0.105,0.023
Vytautas Kairiukstis,0.132,0.075,0.025
Walter Battiss,0.058,0.158,0.025
Walter Darby Bannard,0.088,0.136,0.044
Wanda Koop,0.025,0.075,0.106
Warren Rohrer,0.076,0.134,0.065
Wassily Kandinsky,0.126,0.126,0.042
Wilhelm Leibl,0.146,0.075,0.038
Willard Metcalf,0.338,0.02,0.017
Willem de Kooning,0.035,0.107,0.097
Willi Baumeister,0.082,0.14,0.051
William Baziotes,0.052,0.132,0.052
William Collins,0.367,0.0,0.0
William Congdon,0.058,0.096,0.078
William Dobson,0.227,0.03,0.023
William Hamilton,0.232,0.044,0.038
William Hogarth,0.182,0.073,0.058
William Merritt Chase,0.153,0.056,0.031
William Orpen,0.163,0.042,0.082
William Scott,0.082,0.147,0.04
William Shayer,0.269,0.013,0.0
William Turnbull,0.06,0.121,0.051
William Williams,0.148,0.023,0.115
William-Adolphe Bouguereau,0.159,0.048,0.091
Winifred Nicholson,0.133,0.167,0.038
Winslow Homer,0.358,0.1,0.025
Wladyslaw Strzeminski,0.073,0.131,0.033
Wojciech Weiss,0.303,0.076,0.023
Wolfgang Paalen,0.041,0.101,0.111
Wols,0.005,0.095,0.102
Wyndham Lewis,0.05,0.133,0.046
Xul Solar,0.185,0.111,0.034
Yannoulis Chalepas,0.2,0.069,0.057
Yervand Kochar,0.067,0.15,0.2
Yves Gaucher,0.061,0.094,0.033
Yves Klein,0.078,0.115,0.023
Yves Tanguy,0.053,0.098,0.122
Zao Wou-Ki,0.037,0.126,0.083
Zaya,0.275,0.057,0.026
Zhang Xiaogang,0.104,0.085,0.1
